"_Antwort-ID";"Resume-Code";"Start";"Datum und Zeit";"Teilnahmestatus";"1. Mein Geschlecht...";"2. Mein Lebensalter in Jahren ist...";"3. Das Bundesland in dem ich Prüfungen durchführe ist...";"Baden-Württemberg";"Bayern";"Berlin";"Brandenburg";"Bremen";"Hamburg";"Hessen";"Mecklenburg-Vorpommern";"Niedersachsen";"Nordrhein-Westfalen";"Rheinland-Pfalz";"Saarland";"Sachsen";"Sachsen-Anhalt";"Schleswig-Holstein";"Thüringen";"4. Meine Beschäftigungszeit als Prüfer/in beträgt...";"5. Mein Beschäftigungsverhältnis ist...";"Angestellte/r in der Verwaltung";"Beamte/r in der Verwaltung";"Angestellte/r in einer Rettungsdienstschule";"Honorarkraft";"Textfeld";"6. Meine höchste medizinische Qualifikation ist...";"keine medizinische Qualifikation";"Rettungsassistent/in";"Notfallsanitäter/in";"(Not-) ärztliche Qualifiaktion";"Textfeld";"7. Meine höchste pädagogische Qualifikation ist...";"keine pädagogische Qualifikation";"Lehrrettungsassistent/in";"Praxisanleitende Notfallsanitäter/in";"Bildungswissenschaftler/in, Pädagoge/in, Erziehungswissenschaftler/in";"Textfeld";"8. Meine Tätigkeit als Prüfer/in beträgt...";"9. Die Anzahl meiner Prüfungen ist...";"Ergänzungsprüfungen";"Vollprüfungen";"10. Ich bin als Vorsitz einer Prüfungskommission eingesetzt...";"11. Die Ergänzungsprüfung empfinde ich als...";"12. Den Schwierigkeitsgrad der Ergänzungsprüfungen empfinde ich als...";"13. Den zeitlichen Rahmen der Ergänzungsprüfungen empfinde ich als...";"14. Die inhaltliche Vorbereitung auf die Ergänzungsprüfungen empfinde ich als...";"15. Die methodische Vorbereitung auf die Ergänzungsprüfungen empfinde ich als...";"16. Meine Anmerkungen zur Vorbereitung und Durchführung der Ergänzungsprüfungen...";"17. Die Vollprüfungen empfinde ich als...";"18. Den Schwierigkeitsgrad der Vollprüfungen empfinde ich als...";"19. Den zeitlichen Rahmen der Vollprüfungen empfinde ich als...";"20. Die inhaltliche Vorbereitung auf die Vollprüfungen empfinde ich als...";"21. Die methodische Vorbereitung auf die Vollprüfungen empfinde ich als...";"22. Meine Anmerkungen zur Vorbereitung und Durchführung der Vollprüfung...";"23. Nicht bestanden wurden die Ergänzungsprüfungen in den Prüfungsteilen...";"Mündliche Prüfung";"Praktische Prüfung Teil internistische Notfälle";"Praktische Prüfung Teil traumatologische Notfälle";"24. Nicht bestanden wurden die Vollprüfungen in den Prüfungsteilen...";"Schriftliche Prüfung Teil 1";"Schriftliche Prüfung Teil 2";"Schriftliche Prüfung Teil 3";"Mündliche Prüfung";"Praktische Prüfung Teil Reanimation";"Praktische Prüfung Teil internistische Notfälle";"Praktische Prüfung Teil traumatologische Notfälle";"Praktische Prüfung Teil sonstige Notfälle";"25. Welche Gründe haben Ihrer Meinung nach zum Nichtbestehen von Prüfungen geführt?";"26. Nach absolvierter Prüfung erlebe ich die/der/das...";"Fachwissen";"Gewichtung";"Struktur";"Gewichtung";"Verantwortung";"Gewichtung";"Können";"Gewichtung";"Pflichtgefühl";"Gewichtung";"Sorgfalt";"Gewichtung";"Ansehen";"Gewichtung";"Fehler";"Gewichtung";"Eigenreflexion";"Gewichtung";"e";"Gewichtung";"Einfühlung";"Gewichtung";"Keine";"Gewichtung";
"59892651";"43d39aa";"04.08.2019 19:47";"04.08.2019 19:50";"teilgenommen und beendet";"männlich";"zwischen 31 und 40";"";"1";"";"";"";"";"";"";"";"";"";"";"";"";"";"";"";"Vollzeit (100%)";"";"";"";"1";"";"";"";"";"";"1";"";"";"";"";"";"1";"";"";"zwischen 1 und weniger als 5 Jahren";"";"13";"4";"nein";"50";"50";"50";"50";"50";"";"50";"50";"50";"50";"50";"";"";"";"";"";"";"";"";"";"";"";"";"";"";"";"";"";"";"";"";"";"";"";"";"";"";"";"";"";"";"";"";"";"";"";"";"";"";"";"";
"60024776";"4c93d31";"12.08.2019 09:32";"12.08.2019 09:36";"teilgenommen und beendet";"divers";"jünger als 18";"";"";"";"";"";"";"";"";"1";"1";"";"";"";"";"";"";"";"Teilzeit (weniger als 50%)";"";"";"";"";"1";"";"";"1";"";"";"";"";"";"";"";"";"1";"";"mehr als 50 Jahre";"";"28";"37";"nein";"100";"0";"100";"0";"100";"";"100";"0";"100";"0";"100";"";"";"1";"1";"1";"";"1";"1";"1";"1";"1";"";"";"";"";"";"4";"100%";"5";"";"5";"100%";"2";"0%";"5";"100%";"5";"100%";"5";"100%";"3";"0%";"";"";"";"";"";"";"";"";
"60025003";"44cb680";"12.08.2019 09:44";"12.08.2019 09:44";"teilgenommen, aber noch nicht beendet";"männlich";"zwischen 21 und 30";"";"";"";"";"";"";"";"";"";"";"1";"";"";"";"";"";"";"";"";"";"";"";"";"";"";"";"";"";"";"";"";"";"";"";"";"";"";"";"";"";"";"";"";"";"";"";"";"";"";"";"";"";"";"";"";"";"";"";"";"";"";"";"";"";"";"";"";"";"";"";"";"";"";"";"";"";"";"";"";"";"";"";"";"";"";"";"";"";"";"";"";"";
"60025273";"c9da741";"12.08.2019 09:58";"12.08.2019 10:05";"teilgenommen und beendet";"männlich";"zwischen 41 und 50";"";"";"1";"";"";"";"";"";"";"";"";"";"";"";"";"";"";"Vollzeit (100%)";"";"";"";"1";"";"";"";"";"";"1";"";"";"";"";"";"1";"";"";"weniger als 1 Jahr";"";"2";"1";"nein";"0";"30";"20";"10";"10";"";"20";"80";"10";"30";"30";"";"";"1";"1";"1";"";"";"1";"1";"";"";"1";"1";"";"Mangelnde Vorbereitung durch den Prüfling, unklare Fragestellung, zu tiefgehende Fragestellung.";"";"1";"100%";"1";"100%";"3";"100%";"2";"100%";"3";"67%";"2";"100%";"3";"67%";"";"";"";"";"";"";"";"";"";"";
"60025275";"acafed7";"12.08.2019 09:58";"12.08.2019 09:59";"teilgenommen, aber noch nicht beendet";"männlich";"zwischen 51 und 60";"";"";"";"";"";"";"";"";"";"";"";"";"";"";"";"";"1";"Vollzeit (100%)";"";"";"";"";"1";"Rettungsdienst z. Zt. Vollzeit";"";"";"";"1";"";"";"";"";"";"";"";"EH Dozent";"zwischen 25 und weniger als 30 Jahren";"";"1";"";"nein";"";"";"";"";"";"";"";"";"";"";"";"";"";"";"";"";"";"";"";"";"";"";"";"";"";"";"";"";"";"";"";"";"";"";"";"";"";"";"";"";"";"";"";"";"";"";"";"";"";"";"";
"60025290";"2ca3b94";"12.08.2019 09:59";"12.08.2019 10:00";"teilgenommen, aber noch nicht beendet";"männlich";"zwischen 31 und 40";"";"";"";"";"";"";"";"";"";"";"1";"";"";"";"";"";"";"";"";"";"";"";"";"";"";"";"";"";"";"";"";"";"";"";"";"";"";"";"";"";"";"";"";"";"";"";"";"";"";"";"";"";"";"";"";"";"";"";"";"";"";"";"";"";"";"";"";"";"";"";"";"";"";"";"";"";"";"";"";"";"";"";"";"";"";"";"";"";"";"";"";"";
"60025422";"d03554f";"12.08.2019 10:08";"12.08.2019 10:08";"teilgenommen, aber noch nicht beendet";"männlich";"zwischen 31 und 40";"";"";"";"";"";"";"";"";"";"";"";"";"";"1";"";"";"";"Teilzeit (weniger als 50%)";"";"";"";"";"";"RD";"";"";"1";"";"";"";"";"";"1";"";"";"";"weniger als 1 Jahr";"";"";"";"nein";"";"";"";"";"";"";"";"";"";"";"";"";"";"";"";"";"";"";"";"";"";"";"";"";"";"";"";"";"";"";"";"";"";"";"";"";"";"";"";"";"";"";"";"";"";"";"";"";"";"";"";
"60025687";"9d2b37a";"12.08.2019 10:22";"12.08.2019 10:23";"teilgenommen, aber noch nicht beendet";"männlich";"zwischen 21 und 30";"";"";"1";"";"";"";"";"";"";"";"";"";"";"";"";"";"";"";"";"";"";"";"";"";"";"";"";"";"";"";"";"";"";"";"";"";"";"";"";"";"";"";"";"";"";"";"";"";"";"";"";"";"";"";"";"";"";"";"";"";"";"";"";"";"";"";"";"";"";"";"";"";"";"";"";"";"";"";"";"";"";"";"";"";"";"";"";"";"";"";"";"";
"60026290";"42c7e2e";"12.08.2019 10:51";"12.08.2019 10:52";"teilgenommen, aber noch nicht beendet";"männlich";"zwischen 21 und 30";"";"";"";"";"";"";"";"";"";"";"1";"";"";"";"";"";"";"";"";"";"";"";"";"";"";"";"";"";"";"";"";"";"";"";"";"";"";"";"";"";"";"";"";"";"";"";"";"";"";"";"";"";"";"";"";"";"";"";"";"";"";"";"";"";"";"";"";"";"";"";"";"";"";"";"";"";"";"";"";"";"";"";"";"";"";"";"";"";"";"";"";"";
"60026984";"e8b6ed1";"12.08.2019 11:25";"12.08.2019 11:26";"teilgenommen, aber noch nicht beendet";"männlich";"zwischen 21 und 30";"";"";"";"";"";"";"";"";"";"";"1";"";"";"";"";"";"";"";"";"";"";"";"";"";"";"";"";"";"";"";"";"";"";"";"";"";"";"";"";"";"";"";"";"";"";"";"";"";"";"";"";"";"";"";"";"";"";"";"";"";"";"";"";"";"";"";"";"";"";"";"";"";"";"";"";"";"";"";"";"";"";"";"";"";"";"";"";"";"";"";"";"";
"60027046";"ab6f6af";"12.08.2019 11:29";"12.08.2019 11:29";"teilgenommen, aber noch nicht beendet";"";"zwischen 21 und 30";"";"";"";"";"";"";"";"";"";"";"1";"";"";"";"";"";"";"Vollzeit (100%)";"";"";"1";"";"";"";"";"";"";"1";"";"";"";"1";"";"1";"";"";"weniger als 1 Jahr";"";"2";"2";"ja";"";"";"";"";"";"";"";"";"";"";"";"";"";"";"";"";"";"";"";"";"";"";"";"";"";"";"";"";"";"";"";"";"";"";"";"";"";"";"";"";"";"";"";"";"";"";"";"";"";"";"";
"60027321";"25c711f";"12.08.2019 11:41";"12.08.2019 11:42";"teilgenommen, aber noch nicht beendet";"männlich";"zwischen 21 und 30";"";"";"";"";"";"";"";"";"";"";"1";"";"";"";"";"";"";"";"";"";"";"";"";"";"";"";"";"";"";"";"";"";"";"";"";"";"";"";"";"";"";"";"";"";"";"";"";"";"";"";"";"";"";"";"";"";"";"";"";"";"";"";"";"";"";"";"";"";"";"";"";"";"";"";"";"";"";"";"";"";"";"";"";"";"";"";"";"";"";"";"";"";
"60028277";"96278cc";"12.08.2019 12:34";"12.08.2019 13:21";"teilgenommen und beendet";"männlich";"zwischen 31 und 40";"";"";"";"";"";"";"";"";"";"";"1";"";"";"";"";"";"";"Teilzeit (50% und mehr)";"";"";"";"1";"";"";"";"";"";"1";"";"";"";"";"";"";"1";"";"zwischen 5 und weniger als 10 Jahren";"";"16";"4";"nein";"20";"80";"10";"20";"0";"";"20";"80";"10";"0";"10";"";"";"1";"";"1";"";"";"";"";"1";"";"1";"1";"";"Die Teilnehmer waren zum Teil nicht bereit, das neu erlangte Wissen umzusetzen.";"";"2";"100%";"2";"100%";"2";"67%";"2";"67%";"2";"67%";"2";"67%";"2";"67%";"";"";"";"";"";"";"";"";"";"";
"60029810";"ca20b7a";"12.08.2019 13:40";"12.08.2019 13:41";"teilgenommen, aber noch nicht beendet";"männlich";"zwischen 41 und 50";"";"";"";"";"";"";"";"";"";"";"";"";"";"";"";"";"1";"";"";"";"";"";"";"";"";"";"";"";"";"";"";"";"";"";"";"";"";"";"";"";"";"";"";"";"";"";"";"";"";"";"";"";"";"";"";"";"";"";"";"";"";"";"";"";"";"";"";"";"";"";"";"";"";"";"";"";"";"";"";"";"";"";"";"";"";"";"";"";"";"";"";"";
"60032511";"c1dd222";"12.08.2019 15:26";"12.08.2019 15:32";"teilgenommen und beendet";"männlich";"zwischen 41 und 50";"";"";"";"";"";"";"";"";"";"";"1";"";"";"";"";"";"";"Teilzeit (weniger als 50%)";"";"1";"";"1";"1";"";"";"";"";"1";"";"";"";"";"";"1";"1";"";"zwischen 5 und weniger als 10 Jahren";"";"15";"10";"ja";"0";"70";"10";"70";"40";"Sehr unterschiedlich, je nach Bildungsinstitut. Ich bin an 5 verschiedenen Einrichtungen prüfend tätig (gewesen). Die Unterschiede, selbst in einer Stadt, sind teilweise gravierend.";"0";"20";"10";"10";"40";"Auch hier sehr große Unterschiede zwischen den verschiedenen Bildungseinrichtungen";"";"1";"1";"1";"";"1";"1";"1";"1";"1";"1";"1";"1";"Oftmals zu gutes Einschätzen der Prüflinge. Teilweise schlechte (eigene) Vorbereitung und fehlender Hintergrund / Hintergrundwissen., SAA und / oder SOP werden nicht korrekt angewandt und die Wichtigkeit des Handelns und der Hintergründe nicht reflektiert., Teilweise TN mit solch schlechten Leistungen in den Prüfungen erlebt, welche jeder RettSan besser abgelegt hätte";"";"3";"";"3";"";"3";"";"2";"";"3";"";"3";"";"3";"";"";"";"";"";"";"";"";"";"";"";
"60036180";"207ffb4";"12.08.2019 17:12";"12.08.2019 17:20";"teilgenommen, aber noch nicht beendet";"männlich";"zwischen 41 und 50";"";"1";"";"";"";"";"";"";"";"";"";"";"";"";"";"";"";"";"";"";"";"";"";"";"";"";"";"";"";"";"";"";"";"";"";"";"";"";"";"";"";"";"";"";"";"";"";"";"";"";"";"";"";"";"";"";"";"";"";"";"";"";"";"";"";"";"";"";"";"";"";"";"";"";"";"";"";"";"";"";"";"";"";"";"";"";"";"";"";"";"";"";
"60037431";"d5244b9";"12.08.2019 18:02";"12.08.2019 18:02";"teilgenommen, aber noch nicht beendet";"weiblich";"zwischen 21 und 30";"";"";"";"";"";"";"";"";"";"";"1";"";"";"";"";"";"";"";"";"";"";"";"";"";"";"";"";"";"";"";"";"";"";"";"";"";"";"";"";"";"";"";"";"";"";"";"";"";"";"";"";"";"";"";"";"";"";"";"";"";"";"";"";"";"";"";"";"";"";"";"";"";"";"";"";"";"";"";"";"";"";"";"";"";"";"";"";"";"";"";"";"";
"60040529";"a3639c7";"12.08.2019 20:00";"12.08.2019 20:00";"teilgenommen, aber noch nicht beendet";"weiblich";"zwischen 31 und 40";"";"";"";"";"";"";"";"";"";"";"";"1";"";"";"";"";"";"";"";"";"";"";"";"";"";"";"";"";"";"";"";"";"";"";"";"";"";"";"";"";"";"";"";"";"";"";"";"";"";"";"";"";"";"";"";"";"";"";"";"";"";"";"";"";"";"";"";"";"";"";"";"";"";"";"";"";"";"";"";"";"";"";"";"";"";"";"";"";"";"";"";"";
"60046258";"867a7b8";"13.08.2019 01:51";"13.08.2019 01:51";"teilgenommen, aber noch nicht beendet";"männlich";"zwischen 21 und 30";"";"";"";"";"";"";"";"";"";"";"1";"";"";"";"";"";"";"";"";"";"";"";"";"";"";"";"";"";"";"";"";"";"";"";"";"";"";"";"";"";"";"";"";"";"";"";"";"";"";"";"";"";"";"";"";"";"";"";"";"";"";"";"";"";"";"";"";"";"";"";"";"";"";"";"";"";"";"";"";"";"";"";"";"";"";"";"";"";"";"";"";"";
"60048538";"0116dca";"13.08.2019 08:04";"13.08.2019 08:05";"teilgenommen, aber noch nicht beendet";"männlich";"zwischen 31 und 40";"";"";"";"";"";"";"";"";"";"";"1";"";"";"";"";"";"";"";"";"";"";"";"";"";"";"";"";"";"";"";"";"";"";"";"";"";"";"";"";"";"";"";"";"";"";"";"";"";"";"";"";"";"";"";"";"";"";"";"";"";"";"";"";"";"";"";"";"";"";"";"";"";"";"";"";"";"";"";"";"";"";"";"";"";"";"";"";"";"";"";"";"";
"60053672";"ee7f503";"13.08.2019 12:59";"13.08.2019 13:00";"teilgenommen, aber noch nicht beendet";"männlich";"zwischen 41 und 50";"";"";"";"";"";"";"";"";"";"";"1";"";"";"";"";"";"";"";"";"";"";"";"";"";"";"";"";"";"";"";"";"";"";"";"";"";"";"";"";"";"";"";"";"";"";"";"";"";"";"";"";"";"";"";"";"";"";"";"";"";"";"";"";"";"";"";"";"";"";"";"";"";"";"";"";"";"";"";"";"";"";"";"";"";"";"";"";"";"";"";"";"";
"60054085";"171462f";"13.08.2019 13:18";"13.08.2019 13:24";"teilgenommen und beendet";"männlich";"zwischen 41 und 50";"";"1";"";"";"";"";"";"";"";"";"";"1";"";"";"";"";"";"Teilzeit (weniger als 50%)";"";"";"";"";"1";"";"";"";"";"1";"";"";"";"";"";"1";"1";"";"zwischen 10 und weniger als 15 Jahren";"";"12";"4";"nein";"20";"20";"10";"10";"10";"";"20";"20";"20";"20";"20";"";"";"1";"1";"1";"";"";"";"";"1";"1";"1";"1";"1";"Mangelndes Fachwissen, keine Kenntisse zu den applizierten Medikamenten, nicht patientenorientierte Vorgehensweise,";"";"2";"67%";"2";"67%";"3";"67%";"2";"67%";"3";"67%";"3";"67%";"3";"67%";"";"";"";"";"";"";"";"";"";"";
"60055227";"99257f6";"13.08.2019 14:06";"13.08.2019 14:07";"teilgenommen, aber noch nicht beendet";"männlich";"zwischen 31 und 40";"";"";"";"";"";"";"";"";"";"";"1";"";"";"";"";"";"";"";"";"";"";"";"";"";"";"";"";"";"";"";"";"";"";"";"";"";"";"";"";"";"";"";"";"";"";"";"";"";"";"";"";"";"";"";"";"";"";"";"";"";"";"";"";"";"";"";"";"";"";"";"";"";"";"";"";"";"";"";"";"";"";"";"";"";"";"";"";"";"";"";"";"";
"60055482";"fbea13a";"13.08.2019 14:17";"13.08.2019 14:21";"teilgenommen und beendet";"weiblich";"zwischen 51 und 60";"";"";"";"";"";"";"";"";"";"";"1";"";"";"";"";"";"";"Teilzeit (weniger als 50%)";"";"";"";"";"1";"";"";"";"";"";"1";"";"";"1";"";"";"";"";"zwischen 5 und weniger als 10 Jahren";"";"100";"100";"ja";"0";"90";"0";"50";"0";"";"0";"80";"0";"80";"70";"";"";"1";"";"1";"";"";"";"";"1";"";"";"1";"";"";"";"2";"";"2";"";"1";"";"3";"";"1";"";"2";"";"2";"";"";"";"";"";"";"";"";"";"";"";
"60056426";"9708c76";"13.08.2019 14:55";"13.08.2019 14:56";"teilgenommen, aber noch nicht beendet";"weiblich";"zwischen 51 und 60";"";"";"";"";"";"";"";"";"";"1";"";"";"";"";"";"";"";"";"";"";"";"";"";"";"";"";"";"";"";"";"";"";"";"";"";"";"weniger als 1 Jahr";"";"";"";"";"";"";"";"";"";"";"";"";"";"";"";"";"";"";"";"";"";"";"";"";"";"";"";"";"";"";"";"";"";"";"";"";"";"";"";"";"";"";"";"";"";"";"";"";"";"";"";"";"";"";"";
"60056549";"92ad08d";"13.08.2019 15:00";"13.08.2019 15:01";"teilgenommen, aber noch nicht beendet";"männlich";"zwischen 31 und 40";"";"";"";"";"1";"";"";"";"";"";"";"";"";"";"";"";"";"";"";"";"";"";"";"";"";"";"";"";"";"";"";"";"";"";"";"";"";"";"";"";"";"";"";"";"";"";"";"";"";"";"";"";"";"";"";"";"";"";"";"";"";"";"";"";"";"";"";"";"";"";"";"";"";"";"";"";"";"";"";"";"";"";"";"";"";"";"";"";"";"";"";"";
"60057030";"c98cf51";"13.08.2019 15:19";"13.08.2019 15:20";"teilgenommen, aber noch nicht beendet";"männlich";"zwischen 21 und 30";"";"";"";"";"";"";"";"";"";"";"";"";"";"";"1";"";"";"Teilzeit (weniger als 50%)";"";"";"";"1";"";"";"";"";"";"1";"";"";"";"";"";"1";"";"";"zwischen 1 und weniger als 5 Jahren";"";"5";"2";"nein";"50";"50";"50";"50";"50";"";"50";"50";"50";"50";"50";"";"";"1";"";"";"";"";"";"";"1";"";"";"";"";"";"";"";"";"";"";"";"";"";"";"";"";"";"";"";"";"";"";"";"";"";"";"";"";"";"";
"60057127";"7bf1027";"13.08.2019 15:22";"13.08.2019 15:23";"teilgenommen, aber noch nicht beendet";"weiblich";"zwischen 51 und 60";"";"";"";"";"";"";"";"";"";"1";"";"";"";"";"";"";"";"";"";"";"";"";"";"";"";"";"";"";"";"";"";"";"";"";"";"";"";"";"";"";"";"";"";"";"";"";"";"";"";"";"";"";"";"";"";"";"";"";"";"";"";"";"";"";"";"";"";"";"";"";"";"";"";"";"";"";"";"";"";"";"";"";"";"";"";"";"";"";"";"";"";"";
"60057695";"ea1aa2e";"13.08.2019 15:43";"13.08.2019 15:47";"teilgenommen und beendet";"weiblich";"zwischen 31 und 40";"";"";"";"";"";"";"";"";"";"";"1";"";"";"";"";"";"";"Teilzeit (weniger als 50%)";"";"";"";"";"1";"";"";"";"";"1";"";"";"";"";"";"";"1";"";"zwischen 1 und weniger als 5 Jahren";"";"4";"2";"nein";"20";"50";"50";"50";"10";"";"50";"50";"50";"50";"50";"";"";"1";"1";"1";"";"1";"";"";"";"";"";"1";"1";"Zu wenig eigene Vorbereitung der Prüflinge, , 'Ich kann das alles'";"";"3";"67%";"1";"100%";"1";"100%";"2";"67%";"1";"67%";"2";"67%";"3";"33%";"";"";"";"";"";"";"";"";"";"";
"60058905";"6cded6d";"13.08.2019 16:27";"13.08.2019 16:28";"teilgenommen, aber noch nicht beendet";"männlich";"zwischen 41 und 50";"";"";"";"";"";"";"";"";"";"";"1";"";"";"";"";"";"";"";"";"";"";"";"";"";"";"";"";"";"";"";"";"";"";"";"";"";"";"";"";"";"";"";"";"";"";"";"";"";"";"";"";"";"";"";"";"";"";"";"";"";"";"";"";"";"";"";"";"";"";"";"";"";"";"";"";"";"";"";"";"";"";"";"";"";"";"";"";"";"";"";"";"";
"60060084";"de0e63a";"13.08.2019 17:11";"13.08.2019 17:15";"teilgenommen und beendet";"männlich";"zwischen 31 und 40";"";"";"";"";"";"";"";"";"";"";"";"";"";"1";"";"";"";"Vollzeit (100%)";"";"1";"";"1";"";"";"";"";"";"1";"";"";"";"";"";"";"1";"";"zwischen 1 und weniger als 5 Jahren";"";"50";"50";"nein";"50";"80";"80";"20";"30";"";"30";"60";"80";"30";"20";"";"";"1";"1";"1";"";"";"";"";"1";"1";"1";"1";"1";"Schlechte Theorie Praxis Verzahnung. Praxisanleiter auf anderem pädagogischen Niveau als Pädagogen.";"";"1";"100%";"1";"100%";"1";"100%";"1";"100%";"1";"100%";"1";"100%";"1";"100%";"";"";"";"";"";"";"";"";"";"";
"60060822";"cd77862";"13.08.2019 17:42";"13.08.2019 17:47";"teilgenommen und beendet";"weiblich";"zwischen 31 und 40";"";"";"";"";"";"";"";"";"";"";"1";"";"";"";"";"";"";"Vollzeit (100%)";"";"";"";"1";"";"";"";"";"";"1";"";"";"";"";"";"";"1";"";"zwischen 1 und weniger als 5 Jahren";"";"70";"0";"nein";"0";"30";"30";"100";"70";"";"50";"50";"50";"50";"50";"";"";"1";"1";"1";"";"";"";"";"";"";"";"";"";"";"";"2";"";"3";"";"2";"";"2";"";"3";"";"3";"";"2";"";"";"";"";"";"";"";"";"";"";"";
"60063333";"b589a99";"13.08.2019 19:27";"13.08.2019 19:27";"teilgenommen, aber noch nicht beendet";"männlich";"zwischen 21 und 30";"";"";"";"";"";"";"";"";"";"";"1";"";"";"";"";"";"";"";"";"";"";"";"";"";"";"";"";"";"";"";"";"";"";"";"";"";"";"";"";"";"";"";"";"";"";"";"";"";"";"";"";"";"";"";"";"";"";"";"";"";"";"";"";"";"";"";"";"";"";"";"";"";"";"";"";"";"";"";"";"";"";"";"";"";"";"";"";"";"";"";"";"";
"60063430";"217a956";"13.08.2019 19:30";"13.08.2019 19:38";"teilgenommen und beendet";"männlich";"zwischen 31 und 40";"";"1";"";"";"";"";"";"";"";"";"1";"";"";"";"";"";"";"Vollzeit (100%)";"";"";"";"1";"";"";"";"";"";"1";"";"";"";"";"";"";"1";"";"zwischen 1 und weniger als 5 Jahren";"";"400";"300";"nein";"20";"40";"70";"30";"70";"Ich halte diese Form der Qualifikationsfeststellung als ungeeignet und für die Teilnehmer potentiell traumatisierend";"60";"40";"60";"20";"70";"Nach drei Jahren Beobachtung und Entwicklung eines Schülers empfinde ich diese Art der Qualifikationsfeststellung als Fehlleitung und potentiell unfair";"";"1";"1";"1";"";"1";"1";"1";"1";"1";"1";"1";"1";"Fehlende Vorbereitung, nicht Eindeutigkeit, fehlende Kompetenz- und Handlungsorientierung";"";"3";"33%";"2";"67%";"2";"0%";"3";"33%";"2";"67%";"2";"67%";"3";"33%";"";"";"";"";"";"";"";"";"";"";
"60066741";"b93357b";"13.08.2019 22:10";"13.08.2019 22:12";"teilgenommen, aber noch nicht beendet";"weiblich";"zwischen 51 und 60";"";"";"1";"";"";"";"";"";"";"";"";"";"";"";"";"";"";"Teilzeit (50% und mehr)";"";"1";"";"";"";"";"";"";"1";"";"";"";"";"";"";"";"1";"";"weniger als 1 Jahr";"";"7";"4";"nein";"";"";"";"";"";"";"";"";"";"";"";"";"";"";"";"";"";"";"";"";"";"";"";"";"";"";"";"";"";"";"";"";"";"";"";"";"";"";"";"";"";"";"";"";"";"";"";"";"";"";"";
"60066927";"98b53c7";"13.08.2019 22:20";"13.08.2019 22:21";"teilgenommen, aber noch nicht beendet";"männlich";"zwischen 31 und 40";"";"";"";"";"";"";"";"";"";"";"";"";"";"1";"";"";"";"";"";"";"";"";"";"";"";"";"";"";"";"";"";"";"";"";"";"";"";"";"";"";"";"";"";"";"";"";"";"";"";"";"";"";"";"";"";"";"";"";"";"";"";"";"";"";"";"";"";"";"";"";"";"";"";"";"";"";"";"";"";"";"";"";"";"";"";"";"";"";"";"";"";"";
"60066969";"8b9cf2f";"13.08.2019 22:22";"13.08.2019 22:41";"teilgenommen und beendet";"männlich";"zwischen 31 und 40";"";"";"";"";"";"";"";"1";"";"";"";"";"";"";"";"";"";"Teilzeit (weniger als 50%)";"";"";"";"";"1";"";"";"";"";"1";"";"";"";"";"";"";"1";"";"zwischen 1 und weniger als 5 Jahren";"";"3";"0";"nein";"20";"40";"10";"80";"50";"Ausgesprochen heteroge Teilnehmergruppen. Erfahrungsgemäss sind bei Ü5 Ergänzern neben der eigentlichen Vorbereitung zusätzlich reine Szenarientrainings nötig. Das zeitliche Kontigent wird nicht von allen AG zur Verfügung gestellt.";"50";"50";"50";"50";"50";"Noch keine Vollprüfung geprüft, im Moment in Hessen sehr selten,  da individuell Ü5 Regelung abgewartet wird. Die ursprünglich geplanten 6 Wochen Vorbereitungskurse empfinde ich aus pädagogischer Sicht als Makulatur weil das Ziel zusätzliche Handlungskompetenz zu fördern mit Boliämievorbereitung mit einem Prüfungsfokus nicht im Einklang steht. Hier hätte u.U. ein modularer Aufbau von Seminaren anstatt Vollprüfungsleistung für die TN Sinn ergeben.";"";"1";"";"1";"";"";"";"";"";"";"";"";"";"Praktisch: , - Komplette Unstrukturiertheit, - Keinerlei Bereitschaft eigenverantwortlich ein Einsatzgeschenhen ganzheitlich, also inkl. inv. Maßnahmen abzuarbeiten, - Reflexionsgespräche dazu nicht stimmig";"";"";"";"";"";"2";"100%";"";"";"2";"67%";"2";"100%";"4";"33%";"";"";"";"";"";"";"";"";"";"";
"60067117";"b8582a4";"13.08.2019 22:30";"13.08.2019 22:39";"teilgenommen und beendet";"männlich";"zwischen 51 und 60";"";"";"";"";"";"";"";"";"";"";"";"1";"";"";"";"";"";"Vollzeit (100%)";"";"";"";"1";"";"";"";"";"";"1";"";"";"";"";"";"";"1";"";"zwischen 20 und weniger als 25 Jahren";"";"25";"15";"nein";"20";"50";"20";"20";"20";"";"10";"50";"10";"10";"10";"";"";"1";"1";"1";"";"";"";"";"1";"1";"1";"1";"";"";"";"2";"";"1";"67%";"3";"";"2";"";"2";"67%";"2";"";"2";"";"";"";"2";"67%";"";"";"";"";"";"";
"60068729";"4c45724";"14.08.2019 00:58";"14.08.2019 01:02";"teilgenommen und beendet";"männlich";"zwischen 41 und 50";"";"";"";"";"";"";"";"";"";"1";"";"";"";"";"";"";"";"Teilzeit (weniger als 50%)";"";"";"";"";"1";"";"";"";"";"1";"";"";"";"";"";"";"1";"";"zwischen 5 und weniger als 10 Jahren";"";"27";"7";"nein";"30";"70";"70";"90";"90";"";"30";"70";"30";"30";"90";"";"";"1";"1";"1";"";"";"";"";"1";"1";"1";"1";"1";"";"";"1";"67%";"2";"67%";"1";"67%";"2";"33%";"2";"33%";"3";"33%";"2";"67%";"";"";"";"";"";"";"";"";"";"";
"60070126";"ee4dddc";"14.08.2019 05:15";"14.08.2019 05:16";"teilgenommen, aber noch nicht beendet";"männlich";"zwischen 51 und 60";"";"1";"";"";"";"";"";"";"";"";"";"";"";"";"";"";"";"";"";"";"";"";"";"";"";"";"";"";"";"";"";"";"";"";"";"";"";"";"";"";"";"";"";"";"";"";"";"";"";"";"";"";"";"";"";"";"";"";"";"";"";"";"";"";"";"";"";"";"";"";"";"";"";"";"";"";"";"";"";"";"";"";"";"";"";"";"";"";"";"";"";"";
"60070205";"e9cb76d";"14.08.2019 05:33";"14.08.2019 05:33";"teilgenommen, aber noch nicht beendet";"männlich";"zwischen 21 und 30";"";"";"";"";"";"";"";"";"";"1";"";"";"";"";"";"";"";"";"";"";"";"";"";"";"";"";"";"";"";"";"";"";"";"";"";"";"";"";"";"";"";"";"";"";"";"";"";"";"";"";"";"";"";"";"";"";"";"";"";"";"";"";"";"";"";"";"";"";"";"";"";"";"";"";"";"";"";"";"";"";"";"";"";"";"";"";"";"";"";"";"";"";
"60071021";"e8bd095";"14.08.2019 07:44";"14.08.2019 07:44";"teilgenommen, aber noch nicht beendet";"männlich";"zwischen 21 und 30";"";"";"";"";"";"";"";"";"";"";"1";"";"";"";"";"";"";"";"";"";"";"";"";"";"";"";"";"";"";"";"";"";"";"";"";"";"";"";"";"";"";"";"";"";"";"";"";"";"";"";"";"";"";"";"";"";"";"";"";"";"";"";"";"";"";"";"";"";"";"";"";"";"";"";"";"";"";"";"";"";"";"";"";"";"";"";"";"";"";"";"";"";
"60076332";"6fbadfc";"14.08.2019 12:57";"14.08.2019 12:57";"teilgenommen, aber noch nicht beendet";"männlich";"zwischen 31 und 40";"";"";"";"";"";"";"";"";"";"";"1";"";"";"";"";"";"";"";"";"";"";"";"";"";"";"";"";"";"";"";"";"";"";"";"";"";"";"";"";"";"";"";"";"";"";"";"";"";"";"";"";"";"";"";"";"";"";"";"";"";"";"";"";"";"";"";"";"";"";"";"";"";"";"";"";"";"";"";"";"";"";"";"";"";"";"";"";"";"";"";"";"";
"60095506";"91f884c";"15.08.2019 11:32";"15.08.2019 11:33";"teilgenommen, aber noch nicht beendet";"männlich";"zwischen 21 und 30";"";"";"";"";"";"";"";"";"";"";"";"";"";"";"1";"";"";"";"";"";"";"";"";"";"";"";"";"";"";"";"";"";"";"";"";"";"";"";"";"";"";"";"";"";"";"";"";"";"";"";"";"";"";"";"";"";"";"";"";"";"";"";"";"";"";"";"";"";"";"";"";"";"";"";"";"";"";"";"";"";"";"";"";"";"";"";"";"";"";"";"";"";
"60107926";"620f071";"15.08.2019 21:47";"15.08.2019 21:51";"teilgenommen und beendet";"männlich";"zwischen 31 und 40";"";"";"";"";"";"";"";"";"";"";"1";"";"";"";"";"";"";"Vollzeit (100%)";"";"";"";"1";"";"";"";"";"";"1";"";"";"";"";"";"";"1";"";"zwischen 1 und weniger als 5 Jahren";"";"15";"0";"nein";"0";"30";"80";"20";"20";"";"50";"50";"50";"50";"50";"";"";"1";"1";"1";"";"";"";"";"";"";"";"";"";"Mangelnde Selbstdisziplin der TN bei der Umsetzung von Algorithmen, mangelnde Auseinandersetzung mit Inhalten der Gesetzeskunde, Mangelhafte Kommunikation oder Aufklärung";"";"1";"";"1";"";"2";"";"2";"";"1";"";"2";"";"3";"";"";"";"";"";"";"";"";"";"";"";
"60151841";"543d01a";"19.08.2019 10:13";"19.08.2019 10:16";"teilgenommen und beendet";"männlich";"zwischen 31 und 40";"";"1";"";"";"";"";"";"";"";"";"";"";"";"";"";"";"";"Vollzeit (100%)";"";"";"";"1";"";"";"";"";"";"1";"";"";"";"";"";"1";"1";"";"zwischen 1 und weniger als 5 Jahren";"";"30";"4";"nein";"10";"80";"0";"30";"30";"";"0";"70";"0";"0";"0";"";"";"1";"1";"1";"";"1";"1";"1";"1";"1";"1";"1";"1";"";"";"3";"";"2";"67%";"1";"";"2";"67%";"2";"";"2";"";"2";"";"";"";"";"";"";"";"";"";"";"";
"60295530";"a1a9c5f";"25.08.2019 16:26";"25.08.2019 16:29";"teilgenommen und beendet";"männlich";"zwischen 41 und 50";"";"";"1";"";"";"";"";"";"";"";"";"";"";"";"";"";"";"Teilzeit (50% und mehr)";"";"";"";"1";"";"";"";"";"";"1";"";"";"";"";"";"";"1";"";"zwischen 10 und weniger als 15 Jahren";"";"10";"5";"nein";"90";"0";"100";"20";"30";"";"70";"20";"0";"0";"0";"";"";"";"1";"";"";"1";"";"";"1";"";"";"1";"";"";"";"4";"100%";"4";"67%";"3";"67%";"4";"100%";"2";"67%";"4";"67%";"3";"67%";"";"";"";"";"4";"0%";"";"";"";"";
"60420946";"4031d8e";"30.08.2019 22:11";"30.08.2019 22:11";"teilgenommen, aber noch nicht beendet";"männlich";"zwischen 31 und 40";"";"";"";"";"";"";"";"1";"";"";"";"";"";"";"";"";"";"";"";"";"";"";"";"";"";"";"";"";"";"";"";"";"";"";"";"";"";"";"";"";"";"";"";"";"";"";"";"";"";"";"";"";"";"";"";"";"";"";"";"";"";"";"";"";"";"";"";"";"";"";"";"";"";"";"";"";"";"";"";"";"";"";"";"";"";"";"";"";"";"";"";"";
"60459929";"4b71317";"02.09.2019 17:48";"02.09.2019 17:49";"teilgenommen, aber noch nicht beendet";"männlich";"zwischen 41 und 50";"";"";"";"";"";"";"";"";"";"1";"";"";"";"";"";"";"";"";"";"";"";"";"";"";"";"";"";"";"";"";"";"";"";"";"";"";"";"";"";"";"";"";"";"";"";"";"";"";"";"";"";"";"";"";"";"";"";"";"";"";"";"";"";"";"";"";"";"";"";"";"";"";"";"";"";"";"";"";"";"";"";"";"";"";"";"";"";"";"";"";"";"";
"60538142";"ce4336b";"05.09.2019 13:59";"05.09.2019 13:59";"teilgenommen, aber noch nicht beendet";"männlich";"zwischen 21 und 30";"";"1";"";"";"";"";"";"";"";"";"";"";"";"";"";"";"";"";"";"";"";"";"";"";"";"";"";"";"";"";"";"";"";"";"";"";"";"";"";"";"";"";"";"";"";"";"";"";"";"";"";"";"";"";"";"";"";"";"";"";"";"";"";"";"";"";"";"";"";"";"";"";"";"";"";"";"";"";"";"";"";"";"";"";"";"";"";"";"";"";"";"";
"60603626";"93988a6";"08.09.2019 22:54";"08.09.2019 22:54";"teilgenommen, aber noch nicht beendet";"weiblich";"zwischen 31 und 40";"";"";"";"";"";"";"";"1";"";"";"";"";"";"";"";"";"";"";"";"";"";"";"";"";"";"";"";"";"";"";"";"";"";"";"";"";"";"";"";"";"";"";"";"";"";"";"";"";"";"";"";"";"";"";"";"";"";"";"";"";"";"";"";"";"";"";"";"";"";"";"";"";"";"";"";"";"";"";"";"";"";"";"";"";"";"";"";"";"";"";"";"";
"60643899";"c0b5707";"10.09.2019 10:19";"10.09.2019 10:20";"teilgenommen, aber noch nicht beendet";"weiblich";"zwischen 31 und 40";"";"";"";"";"";"";"";"";"";"";"1";"";"";"";"";"";"";"";"";"";"";"";"";"";"";"";"";"";"";"";"";"";"";"";"";"";"";"";"";"";"";"";"";"";"";"";"";"";"";"";"";"";"";"";"";"";"";"";"";"";"";"";"";"";"";"";"";"";"";"";"";"";"";"";"";"";"";"";"";"";"";"";"";"";"";"";"";"";"";"";"";"";
"61956990";"898110b";"23.10.2019 18:36";"23.10.2019 18:39";"teilgenommen und beendet";"männlich";"zwischen 41 und 50";"";"";"";"";"";"";"";"1";"";"";"";"1";"";"";"";"";"";"Teilzeit (weniger als 50%)";"";"";"";"1";"";"";"";"";"";"1";"";"";"";"";"";"";"1";"";"zwischen 5 und weniger als 10 Jahren";"";"20";"8";"nein";"10";"10";"10";"30";"40";"";"60";"60";"60";"60";"60";"";"";"1";"1";"1";"";"1";"1";"1";"1";"1";"1";"1";"1";"";"";"3";"";"3";"";"3";"";"3";"";"3";"";"3";"";"3";"";"";"";"";"";"";"";"";"";"";"";
"63620492";"f470aa7";"03.12.2019 15:55";"03.12.2019 15:55";"teilgenommen, aber noch nicht beendet";"männlich";"zwischen 51 und 60";"";"";"";"";"";"";"";"";"";"";"";"1";"";"";"";"";"";"";"";"";"";"";"";"";"";"";"";"";"";"";"";"";"";"";"";"";"";"";"";"";"";"";"";"";"";"";"";"";"";"";"";"";"";"";"";"";"";"";"";"";"";"";"";"";"";"";"";"";"";"";"";"";"";"";"";"";"";"";"";"";"";"";"";"";"";"";"";"";"";"";"";"";
"65185544";"7a82533";"23.01.2020 19:44";"23.01.2020 19:44";"teilgenommen, aber noch nicht beendet";"männlich";"zwischen 31 und 40";"";"";"";"";"";"";"";"";"";"";"";"";"";"1";"";"";"";"";"";"";"";"";"";"";"";"";"";"";"";"";"";"";"";"";"";"";"";"";"";"";"";"";"";"";"";"";"";"";"";"";"";"";"";"";"";"";"";"";"";"";"";"";"";"";"";"";"";"";"";"";"";"";"";"";"";"";"";"";"";"";"";"";"";"";"";"";"";"";"";"";"";"";
"65185599";"bc23fc0";"23.01.2020 19:45";"23.01.2020 19:54";"teilgenommen und beendet";"männlich";"zwischen 41 und 50";"";"";"";"";"";"";"";"";"";"";"1";"";"";"";"";"";"";"Teilzeit (weniger als 50%)";"";"";"";"";"1";"";"";"";"";"1";"";"";"";"";"";"1";"1";"";"zwischen 5 und weniger als 10 Jahren";"";"30";"8";"ja";"30";"70";"30";"70";"60";"fehlende klare Linien und Lehr- &amp; Lernaussagen. Es fehlen einheitliche Curricula";"30";"40";"40";"60";"60";"Einheitliche Curricula! Es fehlt überall Systematik!";"";"1";"1";"1";"";"";"";"";"1";"1";"1";"1";"";"Nicht saubere und keine einheitliche Vorbereitung! Curricula müssen deutlicher und ausgeprägter gelebt werden";"";"2";"";"3";"";"3";"";"2";"";"3";"";"3";"";"2";"";"";"";"";"";"";"";"";"";"";"";
"65185655";"05973d9";"23.01.2020 19:47";"23.01.2020 19:48";"teilgenommen, aber noch nicht beendet";"männlich";"zwischen 21 und 30";"";"";"";"";"";"";"";"1";"";"";"";"";"";"";"";"";"";"";"";"";"";"";"";"";"";"";"";"";"";"";"";"";"";"";"";"";"";"";"";"";"";"";"";"";"";"";"";"";"";"";"";"";"";"";"";"";"";"";"";"";"";"";"";"";"";"";"";"";"";"";"";"";"";"";"";"";"";"";"";"";"";"";"";"";"";"";"";"";"";"";"";"";
"65185910";"7fa39bb";"23.01.2020 19:54";"23.01.2020 19:55";"teilgenommen, aber noch nicht beendet";"männlich";"zwischen 21 und 30";"";"";"";"";"";"";"";"";"";"1";"";"";"";"";"";"";"";"";"";"";"";"";"";"";"";"";"";"";"";"";"";"";"";"";"";"";"";"";"";"";"";"";"";"";"";"";"";"";"";"";"";"";"";"";"";"";"";"";"";"";"";"";"";"";"";"";"";"";"";"";"";"";"";"";"";"";"";"";"";"";"";"";"";"";"";"";"";"";"";"";"";"";
"65185998";"4efe90e";"23.01.2020 19:57";"23.01.2020 20:39";"teilgenommen und beendet";"männlich";"zwischen 51 und 60";"";"";"";"";"";"";"";"";"";"1";"";"";"";"";"";"";"";"Vollzeit (100%)";"";"";"";"1";"";"";"";"";"";"1";"";"";"";"";"";"";"";"LRA mit pädagogischer Zusatzqualifikation";"zwischen 15 und weniger als 20 Jahren";"";"8";"2";"nein";"10";"50";"70";"80";"80";"Mir fehlt eine schriftliche Überprüfung, um das Hintergrundwissen zu den erweiterten Maßnahmen besser zu hinterfragen. Die Prüfung ist sehr auf bloße Überprüfung der NUN-Algorithmen und enger Sachgebiete ausgerichtet ohne wirkliche Kompetenz zu überprüfen. Wer auswendig lernen kann, hat schon fast bestanden";"20";"80";"10";"20";"20";"";"";"1";"1";"1";"";"";"";"";"";"";"1";"";"";"Bei den Ergänzungsprüfungen fallen die Kollegen oft in einem Fallbeispiel durch, weil sie sich in der Kürze der Zeit nicht von lange geübten Arbeitsweisen trennen können oder in der Prüfung stressbedingt Fehler machen. Selten ist eine völlige Ahnungslosigkeit das Problem.";"";"2";"100%";"2";"100%";"1";"100%";"3";"67%";"4";"100%";"3";"67%";"3";"67%";"";"";"";"";"";"";"";"";"";"";
"65186224";"abc06c5";"23.01.2020 20:03";"23.01.2020 20:03";"teilgenommen, aber noch nicht beendet";"männlich";"zwischen 31 und 40";"";"";"";"";"";"";"";"";"";"1";"";"";"";"";"";"";"";"";"";"";"";"";"";"";"";"";"";"";"";"";"";"";"";"";"";"";"";"";"";"";"";"";"";"";"";"";"";"";"";"";"";"";"";"";"";"";"";"";"";"";"";"";"";"";"";"";"";"";"";"";"";"";"";"";"";"";"";"";"";"";"";"";"";"";"";"";"";"";"";"";"";"";
"65186364";"3c83397";"23.01.2020 20:08";"23.01.2020 20:11";"teilgenommen und beendet";"männlich";"zwischen 31 und 40";"";"";"";"";"";"";"";"";"";"";"1";"";"";"";"";"";"";"Vollzeit (100%)";"";"";"";"1";"";"";"";"";"";"1";"";"";"";"";"";"";"1";"";"zwischen 1 und weniger als 5 Jahren";"";"19";"2";"nein";"0";"30";"70";"10";"0";"Empfindung der Umsetzung an der „eigenen“ Schule";"0";"80";"20";"0";"0";"";"";"";"";"";"";"";"";"";"";"";"";"";"";"";"";"2";"67%";"1";"100%";"3";"67%";"3";"100%";"2";"67%";"1";"100%";"3";"67%";"";"";"";"";"";"";"";"";"";"";
"65186439";"0fc69ac";"23.01.2020 20:09";"23.01.2020 20:13";"teilgenommen und beendet";"weiblich";"zwischen 31 und 40";"";"";"";"";"";"";"";"1";"";"";"";"";"";"";"";"";"";"Vollzeit (100%)";"";"1";"";"";"";"";"";"";"1";"";"";"";"";"";"1";"";"";"";"zwischen 5 und weniger als 10 Jahren";"";"28";"20";"ja";"70";"80";"90";"90";"90";"";"20";"60";"0";"30";"30";"";"";"1";"";"1";"";"";"";"";"1";"";"1";"1";"";"";"";"3";"33%";"4";"0%";"2";"33%";"3";"33%";"1";"100%";"2";"100%";"5";"0%";"";"";"";"";"";"";"";"";"";"";
"65186479";"b9b554a";"23.01.2020 20:11";"23.01.2020 20:13";"teilgenommen und beendet";"männlich";"zwischen 31 und 40";"";"";"1";"";"";"";"";"";"";"";"";"";"";"";"";"";"";"Vollzeit (100%)";"";"";"";"1";"";"";"";"";"";"1";"";"";"";"";"";"1";"";"";"zwischen 10 und weniger als 15 Jahren";"";"1";"0";"nein";"10";"90";"50";"70";"40";"";"50";"50";"50";"50";"50";"";"";"";"";"";"";"";"";"";"";"";"";"";"";"";"";"2";"67%";"3";"67%";"3";"67%";"3";"67%";"3";"67%";"3";"67%";"3";"67%";"";"";"";"";"";"";"3";"67%";"";"";
"65186521";"e64a770";"23.01.2020 20:12";"23.01.2020 20:17";"teilgenommen und beendet";"männlich";"zwischen 21 und 30";"";"";"";"";"";"";"";"";"";"1";"";"";"";"";"";"";"";"Teilzeit (weniger als 50%)";"";"";"";"";"1";"";"";"";"";"1";"";"";"";"";"";"";"";"Praxisanleiter";"weniger als 1 Jahr";"";"3";"0";"nein";"10";"70";"0";"30";"30";"";"50";"50";"50";"50";"50";"";"";"";"1";"1";"";"";"";"";"";"";"";"";"";"Fehlende Grundkenntnisse in Basismaßnahmen";"";"2";"67%";"1";"100%";"1";"100%";"2";"67%";"2";"67%";"2";"67%";"3";"33%";"";"";"";"";"";"";"";"";"";"";
"65186531";"0add5d3";"23.01.2020 20:12";"23.01.2020 20:12";"teilgenommen, aber noch nicht beendet";"weiblich";"zwischen 41 und 50";"";"1";"";"";"";"";"";"";"";"";"";"";"";"";"";"";"";"";"";"";"";"";"";"";"";"";"";"";"";"";"";"";"";"";"";"";"";"";"";"";"";"";"";"";"";"";"";"";"";"";"";"";"";"";"";"";"";"";"";"";"";"";"";"";"";"";"";"";"";"";"";"";"";"";"";"";"";"";"";"";"";"";"";"";"";"";"";"";"";"";"";"";
"65186613";"5eb2536";"23.01.2020 20:14";"23.01.2020 20:18";"teilgenommen und beendet";"männlich";"zwischen 51 und 60";"";"";"";"";"";"";"";"";"";"";"1";"";"";"";"";"";"";"Vollzeit (100%)";"";"";"1";"";"";"";"";"";"";"1";"";"";"";"";"";"1";"";"";"zwischen 25 und weniger als 30 Jahren";"";"5";"1";"nein";"30";"80";"70";"70";"70";"";"50";"80";"50";"40";"40";"";"";"1";"1";"";"";"";"";"";"";"1";"1";"";"";"";"";"2";"33%";"1";"100%";"3";"33%";"1";"67%";"2";"67%";"3";"67%";"4";"0%";"";"";"";"";"";"";"";"";"3";"67%";
"65186616";"53dad97";"23.01.2020 20:14";"23.01.2020 20:14";"teilgenommen, aber noch nicht beendet";"männlich";"zwischen 51 und 60";"";"";"1";"";"";"";"";"";"";"";"";"";"";"";"";"";"";"";"";"";"";"";"";"";"";"";"";"";"";"";"";"";"";"";"";"";"";"";"";"";"";"";"";"";"";"";"";"";"";"";"";"";"";"";"";"";"";"";"";"";"";"";"";"";"";"";"";"";"";"";"";"";"";"";"";"";"";"";"";"";"";"";"";"";"";"";"";"";"";"";"";"";
"65186705";"20f2387";"23.01.2020 20:16";"23.01.2020 20:16";"teilgenommen, aber noch nicht beendet";"weiblich";"zwischen 31 und 40";"";"";"";"";"";"";"";"";"";"";"1";"";"";"";"";"";"";"";"";"";"";"";"";"";"";"";"";"";"";"";"";"";"";"";"";"";"";"";"";"";"";"";"";"";"";"";"";"";"";"";"";"";"";"";"";"";"";"";"";"";"";"";"";"";"";"";"";"";"";"";"";"";"";"";"";"";"";"";"";"";"";"";"";"";"";"";"";"";"";"";"";"";
"65187183";"997afb0";"23.01.2020 20:30";"23.01.2020 20:30";"teilgenommen, aber noch nicht beendet";"männlich";"zwischen 31 und 40";"";"";"";"";"";"";"";"1";"";"";"";"";"";"";"";"";"";"";"";"";"";"";"";"";"";"";"";"";"";"";"";"";"";"";"";"";"";"";"";"";"";"";"";"";"";"";"";"";"";"";"";"";"";"";"";"";"";"";"";"";"";"";"";"";"";"";"";"";"";"";"";"";"";"";"";"";"";"";"";"";"";"";"";"";"";"";"";"";"";"";"";"";
"65187853";"b7536ad";"23.01.2020 20:47";"23.01.2020 20:48";"teilgenommen, aber noch nicht beendet";"männlich";"zwischen 41 und 50";"";"";"";"";"";"";"";"1";"";"";"";"";"";"";"";"";"";"";"";"";"";"";"";"";"";"";"";"";"";"";"";"";"";"";"";"";"";"";"";"";"";"";"";"";"";"";"";"";"";"";"";"";"";"";"";"";"";"";"";"";"";"";"";"";"";"";"";"";"";"";"";"";"";"";"";"";"";"";"";"";"";"";"";"";"";"";"";"";"";"";"";"";
"65189802";"70c78f8";"23.01.2020 21:44";"23.01.2020 21:44";"teilgenommen, aber noch nicht beendet";"männlich";"zwischen 21 und 30";"";"";"";"";"";"";"";"";"";"";"1";"";"";"";"";"";"";"";"";"";"";"";"";"";"";"";"";"";"";"";"";"";"";"";"";"";"";"";"";"";"";"";"";"";"";"";"";"";"";"";"";"";"";"";"";"";"";"";"";"";"";"";"";"";"";"";"";"";"";"";"";"";"";"";"";"";"";"";"";"";"";"";"";"";"";"";"";"";"";"";"";"";
"65190743";"62389b6";"23.01.2020 22:16";"23.01.2020 22:17";"teilgenommen, aber noch nicht beendet";"männlich";"zwischen 21 und 30";"";"";"";"";"";"";"";"";"";"1";"";"";"";"";"";"";"";"";"";"";"";"";"";"";"";"";"";"";"";"";"";"";"";"";"";"";"";"";"";"";"";"";"";"";"";"";"";"";"";"";"";"";"";"";"";"";"";"";"";"";"";"";"";"";"";"";"";"";"";"";"";"";"";"";"";"";"";"";"";"";"";"";"";"";"";"";"";"";"";"";"";"";
"65190756";"51d6ace";"23.01.2020 22:16";"23.01.2020 22:17";"teilgenommen, aber noch nicht beendet";"männlich";"zwischen 31 und 40";"";"";"";"";"";"";"";"";"";"";"1";"";"";"";"";"";"";"";"";"";"";"";"";"";"";"";"";"";"";"";"";"";"";"";"";"";"";"";"";"";"";"";"";"";"";"";"";"";"";"";"";"";"";"";"";"";"";"";"";"";"";"";"";"";"";"";"";"";"";"";"";"";"";"";"";"";"";"";"";"";"";"";"";"";"";"";"";"";"";"";"";"";
"65193407";"58d53fb";"23.01.2020 23:51";"23.01.2020 23:51";"teilgenommen, aber noch nicht beendet";"männlich";"zwischen 21 und 30";"";"";"";"1";"";"";"";"";"";"";"";"";"";"";"";"";"";"";"";"";"";"";"";"";"";"";"";"";"";"";"";"";"";"";"";"";"";"";"";"";"";"";"";"";"";"";"";"";"";"";"";"";"";"";"";"";"";"";"";"";"";"";"";"";"";"";"";"";"";"";"";"";"";"";"";"";"";"";"";"";"";"";"";"";"";"";"";"";"";"";"";"";
"65193690";"bdd5480";"24.01.2020 00:04";"24.01.2020 00:05";"teilgenommen, aber noch nicht beendet";"weiblich";"zwischen 31 und 40";"";"";"";"";"";"";"";"";"";"";"";"1";"";"";"";"";"";"";"";"";"";"";"";"";"";"";"";"";"";"";"";"";"";"";"";"";"";"";"";"";"";"";"";"";"";"";"";"";"";"";"";"";"";"";"";"";"";"";"";"";"";"";"";"";"";"";"";"";"";"";"";"";"";"";"";"";"";"";"";"";"";"";"";"";"";"";"";"";"";"";"";"";
"65194377";"d241f6d";"24.01.2020 00:51";"24.01.2020 00:52";"teilgenommen, aber noch nicht beendet";"männlich";"zwischen 31 und 40";"";"";"";"";"";"";"";"";"";"";"";"1";"";"";"";"";"";"";"";"";"";"";"";"";"";"";"";"";"";"";"";"";"";"";"";"";"";"";"";"";"";"";"";"";"";"";"";"";"";"";"";"";"";"";"";"";"";"";"";"";"";"";"";"";"";"";"";"";"";"";"";"";"";"";"";"";"";"";"";"";"";"";"";"";"";"";"";"";"";"";"";"";
"65196167";"626c902";"24.01.2020 06:40";"24.01.2020 06:48";"teilgenommen und beendet";"männlich";"zwischen 31 und 40";"";"";"";"";"";"";"";"";"";"";"1";"";"";"";"";"";"";"Teilzeit (weniger als 50%)";"";"";"1";"";"";"";"";"";"";"1";"";"";"";"";"";"1";"";"";"zwischen 5 und weniger als 10 Jahren";"";"8";"0";"nein";"30";"40";"20";"60";"70";"Zu viel reines Prüfungslernen ...zu wenig Verständnis";"50";"50";"50";"50";"50";"";"";"1";"";"";"";"";"";"";"";"";"";"";"";"Kein Verständnis für die Arbeit als NotSan";"";"3";"33%";"3";"67%";"2";"67%";"4";"33%";"3";"67%";"3";"33%";"2";"67%";"";"";"";"";"";"";"";"";"";"";
"65197293";"14c4402";"24.01.2020 08:54";"24.01.2020 08:54";"teilgenommen, aber noch nicht beendet";"männlich";"zwischen 31 und 40";"";"";"1";"";"";"";"";"";"";"";"";"";"";"";"";"";"";"";"";"";"";"";"";"";"";"";"";"";"";"";"";"";"";"";"";"";"";"";"";"";"";"";"";"";"";"";"";"";"";"";"";"";"";"";"";"";"";"";"";"";"";"";"";"";"";"";"";"";"";"";"";"";"";"";"";"";"";"";"";"";"";"";"";"";"";"";"";"";"";"";"";"";
"65198367";"469836e";"24.01.2020 09:49";"24.01.2020 09:49";"teilgenommen, aber noch nicht beendet";"weiblich";"zwischen 31 und 40";"";"";"";"";"";"";"";"";"";"1";"";"";"";"";"";"";"";"";"";"";"";"";"";"";"";"";"";"";"";"";"";"";"";"";"";"";"";"";"";"";"";"";"";"";"";"";"";"";"";"";"";"";"";"";"";"";"";"";"";"";"";"";"";"";"";"";"";"";"";"";"";"";"";"";"";"";"";"";"";"";"";"";"";"";"";"";"";"";"";"";"";"";
"65198929";"652efbe";"24.01.2020 10:14";"24.01.2020 10:14";"teilgenommen, aber noch nicht beendet";"";"zwischen 31 und 40";"";"";"";"1";"";"";"";"";"";"";"";"";"";"";"";"";"";"";"";"";"";"";"";"";"";"";"";"";"";"";"";"";"";"";"";"";"";"";"";"";"";"";"";"";"";"";"";"";"";"";"";"";"";"";"";"";"";"";"";"";"";"";"";"";"";"";"";"";"";"";"";"";"";"";"";"";"";"";"";"";"";"";"";"";"";"";"";"";"";"";"";"";
"65199107";"66e3f34";"24.01.2020 10:21";"24.01.2020 10:23";"teilgenommen und beendet";"männlich";"zwischen 21 und 30";"";"";"";"";"";"";"";"";"";"";"";"";"";"";"1";"";"";"Vollzeit (100%)";"";"";"";"1";"";"";"";"";"";"";"";"B. Sc.";"";"";"";"";"1";"";"weniger als 1 Jahr";"";"2";"0";"nein";"20";"40";"40";"60";"40";"";"50";"50";"50";"50";"50";"";"";"1";"1";"1";"";"";"";"";"";"";"";"";"";"";"";"";"";"";"";"";"";"";"";"";"";"";"";"";"";"";"";"";"";"";"";"";"";"";"";
"65199682";"4f34f8e";"24.01.2020 10:44";"24.01.2020 10:48";"teilgenommen und beendet";"männlich";"zwischen 31 und 40";"";"";"";"";"";"";"";"";"";"";"1";"";"";"";"";"";"";"Teilzeit (weniger als 50%)";"";"";"";"";"1";"";"";"";"";"1";"";"Fachgesundheits- und Krankenpfleger für Intensivpflege und Anästhesie";"";"";"";"";"";"Pflegewissenschaftler";"weniger als 1 Jahr";"";"1";"0";"nein";"0";"30";"20";"30";"40";"";"50";"50";"50";"50";"50";"";"";"1";"1";"";"";"";"";"";"";"";"";"";"";"";"";"2";"67%";"1";"100%";"2";"67%";"2";"67%";"3";"67%";"3";"67%";"3";"67%";"";"";"";"";"";"";"";"";"";"";
"65219433";"72532c7";"24.01.2020 21:08";"24.01.2020 21:16";"teilgenommen und beendet";"weiblich";"zwischen 21 und 30";"";"";"";"1";"";"";"";"";"";"";"";"";"";"";"";"";"";"Teilzeit (weniger als 50%)";"";"";"";"";"1";"";"";"";"";"1";"";"";"";"";"";"";"1";"";"zwischen 1 und weniger als 5 Jahren";"";"4";"0";"nein";"20";"30";"30";"60";"70";"";"50";"50";"50";"50";"50";"";"";"1";"1";"1";"";"";"";"";"";"";"";"";"";"Mangelde Fähigkeiten in strukturierter Patientenversorgung, fehlende Motivation, da Berufsbild aus Sicht der Teilnehmer der Job danach der gleiche wie davor ist";"";"3";"33%";"2";"67%";"2";"67%";"3";"33%";"3";"33%";"2";"67%";"3";"33%";"";"";"";"";"";"";"";"";"";"";
"65221066";"7aab15b";"24.01.2020 22:24";"24.01.2020 22:33";"teilgenommen und beendet";"männlich";"zwischen 41 und 50";"";"";"";"";"";"";"1";"";"";"";"";"";"";"";"";"";"";"Vollzeit (100%)";"";"";"";"1";"";"";"";"";"";"1";"";"";"";"";"";"";"1";"";"zwischen 5 und weniger als 10 Jahren";"";"20";"6";"nein";"40";"30";"80";"80";"60";"Falsches Format um die geforderten Kompetenzen einer dreijährigen Berufsausbildung zu erlagen.";"30";"80";"10";"10";"0";"";"";"";"";"";"";"";"";"";"";"";"";"";"";"";"";"2";"100%";"2";"67%";"2";"100%";"2";"67%";"3";"67%";"2";"67%";"2";"67%";"";"";"";"";"";"";"";"";"";"";
"65222905";"b1f673a";"25.01.2020 00:27";"25.01.2020 00:27";"teilgenommen, aber noch nicht beendet";"männlich";"zwischen 21 und 30";"";"";"";"";"";"";"";"";"";"";"";"";"";"";"";"1";"";"";"";"";"";"";"";"";"";"";"";"1";"";"";"";"1";"";"";"";"";"weniger als 1 Jahr";"";"";"";"";"";"";"";"";"";"";"";"";"";"";"";"";"";"";"";"";"";"";"";"";"";"";"";"";"";"";"";"";"";"";"";"";"";"";"";"";"";"";"";"";"";"";"";"";"";"";"";"";"";"";"";
"65239262";"9a6aacb";"26.01.2020 02:55";"26.01.2020 02:59";"teilgenommen und beendet";"männlich";"zwischen 31 und 40";"";"";"1";"";"";"";"";"";"";"";"";"";"";"";"";"";"";"Vollzeit (100%)";"";"";"";"1";"";"";"";"";"";"1";"";"";"";"";"";"";"1";"";"zwischen 1 und weniger als 5 Jahren";"";"250";"80";"nein";"60";"10";"50";"80";"80";"";"0";"70";"80";"30";"10";"";"";"1";"1";"1";"";"1";"1";"1";"1";"1";"1";"1";"1";"";"";"3";"100%";"2";"100%";"2";"0%";"2";"100%";"3";"100%";"2";"100%";"3";"100%";"";"";"";"";"";"";"";"";"";"";
"65241243";"4523f88";"26.01.2020 11:55";"26.01.2020 11:56";"teilgenommen, aber noch nicht beendet";"männlich";"zwischen 51 und 60";"";"";"1";"";"";"";"";"";"";"";"";"";"";"";"";"";"";"";"";"";"";"";"";"";"";"";"";"";"";"";"";"";"";"";"";"";"";"";"";"";"";"";"";"";"";"";"";"";"";"";"";"";"";"";"";"";"";"";"";"";"";"";"";"";"";"";"";"";"";"";"";"";"";"";"";"";"";"";"";"";"";"";"";"";"";"";"";"";"";"";"";"";
"65252844";"ec18efe";"26.01.2020 22:34";"26.01.2020 22:35";"teilgenommen, aber noch nicht beendet";"männlich";"zwischen 41 und 50";"";"";"";"";"";"";"";"";"";"";"";"1";"";"";"";"";"";"Teilzeit (weniger als 50%)";"";"";"";"";"1";"";"";"";"";"1";"";"";"";"";"";"1";"";"";"zwischen 1 und weniger als 5 Jahren";"";"2";"0";"nein";"20";"70";"10";"10";"20";"";"50";"50";"50";"50";"50";"";"";"";"";"";"";"";"";"";"";"";"";"";"";"";"";"";"";"";"";"";"";"";"";"";"";"";"";"";"";"";"";"";"";"";"";"";"";"";"";
"65266290";"bf249c1";"27.01.2020 13:12";"27.01.2020 13:13";"teilgenommen, aber noch nicht beendet";"männlich";"zwischen 21 und 30";"";"";"";"";"";"";"";"";"";"";"";"1";"";"";"";"";"";"";"";"";"";"";"";"";"";"";"";"";"";"";"";"";"";"";"";"";"";"";"";"";"";"";"";"";"";"";"";"";"";"";"";"";"";"";"";"";"";"";"";"";"";"";"";"";"";"";"";"";"";"";"";"";"";"";"";"";"";"";"";"";"";"";"";"";"";"";"";"";"";"";"";"";
